Time,VehicleID,RSU_ID
1.0,v_0,RSU_3
1.0,v_1,
1.0,v_2,RSU_3
2.0,v_0,RSU_3
2.0,v_1,
2.0,v_2,RSU_3
3.0,v_0,RSU_3
3.0,v_1,
3.0,v_2,RSU_3
4.0,v_0,RSU_3
4.0,v_1,
4.0,v_2,RSU_3
5.0,v_0,RSU_3
5.0,v_1,
5.0,v_2,RSU_3
6.0,v_0,RSU_3
6.0,v_1,RSU_3
6.0,v_2,RSU_3
7.0,v_0,RSU_3
7.0,v_1,RSU_2
7.0,v_2,RSU_3
8.0,v_0,RSU_3
8.0,v_1,RSU_2
8.0,v_2,RSU_3
9.0,v_0,RSU_3
9.0,v_1,RSU_2
9.0,v_2,RSU_3
10.0,v_0,RSU_3
10.0,v_1,RSU_2
10.0,v_2,RSU_3
11.0,v_0,RSU_3
11.0,v_1,RSU_3
11.0,v_2,RSU_3
12.0,v_0,RSU_3
12.0,v_1,RSU_3
12.0,v_2,RSU_3
13.0,v_0,RSU_3
13.0,v_1,RSU_3
13.0,v_2,RSU_3
14.0,v_0,RSU_3
14.0,v_1,RSU_3
14.0,v_2,RSU_3
15.0,v_0,RSU_3
15.0,v_1,RSU_3
15.0,v_2,RSU_3
16.0,v_0,RSU_3
16.0,v_1,RSU_3
16.0,v_2,RSU_3
17.0,v_0,RSU_3
17.0,v_1,RSU_3
17.0,v_2,RSU_3
18.0,v_0,RSU_3
18.0,v_1,RSU_3
18.0,v_2,RSU_3
19.0,v_0,RSU_3
19.0,v_1,RSU_3
19.0,v_2,RSU_3
20.0,v_0,RSU_3
20.0,v_1,RSU_3
20.0,v_2,RSU_3
21.0,v_0,RSU_3
21.0,v_1,RSU_3
21.0,v_2,RSU_3
22.0,v_0,RSU_3
22.0,v_1,RSU_3
22.0,v_2,RSU_3
23.0,v_0,RSU_3
23.0,v_1,RSU_3
23.0,v_2,RSU_3
24.0,v_0,RSU_3
24.0,v_1,RSU_3
24.0,v_2,RSU_3
25.0,v_0,RSU_3
25.0,v_1,RSU_3
25.0,v_2,RSU_3
26.0,v_0,RSU_3
26.0,v_1,RSU_3
26.0,v_2,RSU_3
27.0,v_0,RSU_3
27.0,v_1,RSU_3
27.0,v_2,RSU_3
28.0,v_0,RSU_3
28.0,v_1,RSU_3
28.0,v_2,RSU_3
29.0,v_0,RSU_3
29.0,v_1,RSU_3
29.0,v_2,RSU_3
30.0,v_0,RSU_3
30.0,v_1,RSU_3
30.0,v_2,RSU_3
31.0,v_0,RSU_3
31.0,v_1,RSU_3
31.0,v_2,RSU_3
32.0,v_0,RSU_3
32.0,v_1,RSU_3
32.0,v_2,RSU_3
33.0,v_0,RSU_3
33.0,v_1,RSU_3
33.0,v_2,RSU_3
34.0,v_0,RSU_3
34.0,v_1,RSU_3
34.0,v_2,RSU_3
35.0,v_0,RSU_3
35.0,v_1,RSU_3
35.0,v_2,RSU_3
36.0,v_0,RSU_3
36.0,v_1,RSU_3
36.0,v_2,RSU_3
37.0,v_0,RSU_3
37.0,v_1,RSU_3
37.0,v_2,RSU_3
38.0,v_0,RSU_3
38.0,v_1,RSU_3
38.0,v_2,RSU_3
39.0,v_0,RSU_3
39.0,v_1,RSU_3
39.0,v_2,RSU_3
40.0,v_0,RSU_3
40.0,v_1,RSU_3
40.0,v_2,RSU_3
41.0,v_0,RSU_3
41.0,v_1,RSU_3
41.0,v_2,RSU_2
42.0,v_0,RSU_3
42.0,v_1,RSU_3
42.0,v_2,RSU_2
43.0,v_0,RSU_3
43.0,v_1,RSU_3
43.0,v_2,RSU_2
44.0,v_0,RSU_3
44.0,v_1,RSU_3
44.0,v_2,RSU_2
45.0,v_0,RSU_3
45.0,v_1,RSU_3
45.0,v_2,RSU_3
46.0,v_0,RSU_3
46.0,v_1,RSU_3
46.0,v_2,
47.0,v_0,RSU_3
47.0,v_1,RSU_3
47.0,v_2,
48.0,v_0,RSU_3
48.0,v_1,RSU_3
48.0,v_2,
49.0,v_0,RSU_3
49.0,v_1,RSU_3
49.0,v_2,
50.0,v_0,RSU_3
50.0,v_1,RSU_3
50.0,v_2,
51.0,v_0,RSU_3
51.0,v_1,RSU_3
51.0,v_2,
52.0,v_0,RSU_3
52.0,v_1,RSU_3
52.0,v_2,
53.0,v_0,RSU_3
53.0,v_1,RSU_3
53.0,v_2,
54.0,v_0,RSU_3
54.0,v_1,
54.0,v_2,
55.0,v_0,RSU_3
55.0,v_1,
55.0,v_2,
56.0,v_0,RSU_3
56.0,v_1,
56.0,v_2,
57.0,v_0,RSU_3
57.0,v_1,
57.0,v_2,
58.0,v_0,RSU_3
58.0,v_1,
58.0,v_2,
59.0,v_0,RSU_3
59.0,v_1,
59.0,v_2,
60.0,v_0,RSU_3
60.0,v_1,
60.0,v_2,
61.0,v_0,RSU_3
61.0,v_1,
61.0,v_2,
62.0,v_0,RSU_3
62.0,v_1,
62.0,v_2,
63.0,v_0,RSU_3
63.0,v_1,
63.0,v_2,
64.0,v_0,RSU_3
64.0,v_1,
64.0,v_2,
65.0,v_0,RSU_3
65.0,v_1,
65.0,v_2,
66.0,v_0,RSU_3
66.0,v_1,
66.0,v_2,
67.0,v_0,RSU_3
67.0,v_1,
67.0,v_2,
68.0,v_0,RSU_3
68.0,v_1,
68.0,v_2,
69.0,v_0,RSU_3
69.0,v_1,
69.0,v_2,
70.0,v_0,RSU_3
70.0,v_1,
70.0,v_2,
71.0,v_0,RSU_3
71.0,v_1,
71.0,v_2,
72.0,v_0,RSU_3
72.0,v_1,
72.0,v_2,RSU_1
73.0,v_0,RSU_3
73.0,v_1,
73.0,v_2,RSU_1
74.0,v_0,RSU_3
74.0,v_1,RSU_2
74.0,v_2,RSU_1
75.0,v_0,RSU_3
75.0,v_1,RSU_2
75.0,v_2,RSU_1
76.0,v_0,RSU_3
76.0,v_1,RSU_2
76.0,v_2,RSU_1
77.0,v_0,RSU_3
77.0,v_1,RSU_2
77.0,v_2,RSU_1
78.0,v_0,RSU_3
78.0,v_1,RSU_2
78.0,v_2,RSU_1
79.0,v_0,RSU_3
79.0,v_1,RSU_2
79.0,v_2,RSU_1
80.0,v_0,RSU_3
80.0,v_1,RSU_2
80.0,v_2,RSU_1
81.0,v_0,RSU_3
81.0,v_1,RSU_2
81.0,v_2,RSU_1
82.0,v_0,
82.0,v_1,RSU_2
82.0,v_2,RSU_1
83.0,v_0,
83.0,v_1,RSU_2
83.0,v_2,RSU_1
84.0,v_0,
84.0,v_1,RSU_2
84.0,v_2,RSU_1
85.0,v_0,
85.0,v_1,RSU_2
85.0,v_2,RSU_1
86.0,v_0,
86.0,v_1,RSU_2
86.0,v_2,RSU_1
87.0,v_0,
87.0,v_1,RSU_2
87.0,v_2,RSU_1
88.0,v_0,
88.0,v_1,RSU_2
88.0,v_2,RSU_1
89.0,v_0,
89.0,v_1,RSU_2
89.0,v_2,RSU_1
90.0,v_0,
90.0,v_1,RSU_2
90.0,v_2,RSU_1
91.0,v_0,
91.0,v_1,RSU_2
91.0,v_2,RSU_1
92.0,v_0,RSU_4
92.0,v_1,RSU_2
92.0,v_2,RSU_1
93.0,v_0,RSU_4
93.0,v_1,RSU_2
93.0,v_2,RSU_1
94.0,v_0,RSU_4
94.0,v_1,RSU_2
94.0,v_2,RSU_1
95.0,v_0,RSU_4
95.0,v_1,RSU_2
95.0,v_2,RSU_1
96.0,v_0,RSU_4
96.0,v_1,RSU_2
96.0,v_2,RSU_1
97.0,v_0,RSU_4
97.0,v_1,RSU_2
97.0,v_2,RSU_1
98.0,v_0,RSU_4
98.0,v_1,RSU_2
98.0,v_2,RSU_1
99.0,v_0,RSU_4
99.0,v_1,RSU_2
99.0,v_2,RSU_1
100.0,v_0,RSU_4
100.0,v_1,RSU_2
100.0,v_2,RSU_1
101.0,v_0,RSU_4
101.0,v_1,RSU_2
101.0,v_2,RSU_1
102.0,v_0,RSU_4
102.0,v_1,RSU_2
102.0,v_2,RSU_1
103.0,v_0,RSU_4
103.0,v_1,RSU_2
103.0,v_2,RSU_1
104.0,v_0,RSU_4
104.0,v_1,RSU_2
104.0,v_2,RSU_1
105.0,v_0,RSU_4
105.0,v_1,RSU_2
105.0,v_2,RSU_1
106.0,v_0,RSU_4
106.0,v_1,RSU_2
106.0,v_2,RSU_1
107.0,v_0,RSU_4
107.0,v_1,RSU_2
107.0,v_2,RSU_1
108.0,v_0,RSU_4
108.0,v_1,RSU_2
108.0,v_2,RSU_1
109.0,v_0,RSU_4
109.0,v_1,RSU_2
109.0,v_2,RSU_1
110.0,v_0,RSU_4
110.0,v_1,RSU_2
110.0,v_2,RSU_1
111.0,v_0,RSU_4
111.0,v_1,RSU_2
111.0,v_2,RSU_1
112.0,v_0,RSU_4
112.0,v_1,RSU_2
112.0,v_2,RSU_1
113.0,v_0,RSU_4
113.0,v_1,RSU_2
113.0,v_2,RSU_1
114.0,v_0,RSU_4
114.0,v_1,RSU_2
114.0,v_2,RSU_1
115.0,v_0,RSU_4
115.0,v_1,RSU_2
115.0,v_2,RSU_1
116.0,v_0,RSU_4
116.0,v_1,RSU_2
116.0,v_2,RSU_1
117.0,v_0,RSU_4
117.0,v_1,RSU_2
117.0,v_2,RSU_1
118.0,v_0,RSU_4
118.0,v_1,RSU_2
118.0,v_2,RSU_1
119.0,v_0,RSU_4
119.0,v_1,RSU_2
119.0,v_2,RSU_1
120.0,v_0,RSU_4
120.0,v_1,RSU_2
120.0,v_2,RSU_1
121.0,v_0,RSU_4
121.0,v_1,RSU_2
121.0,v_2,RSU_1
122.0,v_0,RSU_4
122.0,v_1,RSU_2
122.0,v_2,RSU_1
123.0,v_0,RSU_4
123.0,v_1,RSU_2
123.0,v_2,RSU_1
124.0,v_0,RSU_4
124.0,v_1,RSU_2
124.0,v_2,RSU_1
125.0,v_0,RSU_4
125.0,v_1,RSU_2
125.0,v_2,RSU_1
126.0,v_0,RSU_4
126.0,v_1,RSU_2
126.0,v_2,RSU_1
127.0,v_0,RSU_4
127.0,v_1,RSU_2
127.0,v_2,RSU_1
128.0,v_0,RSU_4
128.0,v_1,RSU_2
128.0,v_2,RSU_1
129.0,v_0,RSU_4
129.0,v_1,RSU_2
129.0,v_2,RSU_1
130.0,v_0,RSU_4
130.0,v_1,RSU_2
130.0,v_2,RSU_1
131.0,v_0,RSU_4
131.0,v_1,RSU_2
131.0,v_2,RSU_1
132.0,v_0,RSU_4
132.0,v_1,RSU_2
132.0,v_2,RSU_1
133.0,v_0,RSU_4
133.0,v_1,RSU_2
133.0,v_2,RSU_1
134.0,v_0,RSU_4
134.0,v_1,RSU_2
134.0,v_2,RSU_1
135.0,v_0,RSU_4
135.0,v_1,RSU_2
135.0,v_2,RSU_1
136.0,v_0,RSU_4
136.0,v_1,RSU_2
136.0,v_2,RSU_1
137.0,v_0,RSU_4
137.0,v_1,RSU_2
137.0,v_2,RSU_1
138.0,v_0,RSU_4
138.0,v_1,RSU_2
138.0,v_2,RSU_1
139.0,v_0,RSU_4
139.0,v_1,RSU_2
139.0,v_2,RSU_1
140.0,v_0,RSU_4
140.0,v_1,
140.0,v_2,RSU_1
141.0,v_0,RSU_4
141.0,v_1,
141.0,v_2,RSU_1
142.0,v_0,RSU_4
142.0,v_1,
142.0,v_2,RSU_1
143.0,v_0,RSU_4
143.0,v_1,RSU_6
143.0,v_2,RSU_1
144.0,v_0,RSU_4
144.0,v_1,RSU_6
144.0,v_2,RSU_1
145.0,v_0,RSU_4
145.0,v_1,RSU_6
145.0,v_2,RSU_1
146.0,v_0,RSU_4
146.0,v_1,RSU_6
146.0,v_2,RSU_1
147.0,v_0,RSU_4
147.0,v_1,RSU_6
147.0,v_2,RSU_1
148.0,v_0,RSU_4
148.0,v_1,RSU_6
148.0,v_2,RSU_1
149.0,v_0,RSU_4
149.0,v_1,RSU_6
149.0,v_2,RSU_1
150.0,v_0,RSU_4
150.0,v_1,RSU_6
150.0,v_2,RSU_1
151.0,v_0,RSU_4
151.0,v_1,RSU_6
151.0,v_2,RSU_1
152.0,v_0,RSU_4
152.0,v_1,RSU_6
152.0,v_2,RSU_1
153.0,v_0,RSU_4
153.0,v_1,RSU_6
153.0,v_2,RSU_1
154.0,v_0,RSU_4
154.0,v_1,RSU_6
154.0,v_2,RSU_1
155.0,v_0,RSU_4
155.0,v_1,RSU_6
155.0,v_2,
156.0,v_0,RSU_4
156.0,v_1,RSU_6
156.0,v_2,
157.0,v_0,RSU_4
157.0,v_1,RSU_6
157.0,v_2,
158.0,v_0,
158.0,v_1,RSU_6
158.0,v_2,
159.0,v_0,
159.0,v_1,RSU_6
159.0,v_2,
160.0,v_0,
160.0,v_1,RSU_6
160.0,v_2,
161.0,v_0,RSU_3
161.0,v_1,RSU_6
161.0,v_2,
162.0,v_0,RSU_3
162.0,v_1,RSU_6
162.0,v_2,
163.0,v_0,RSU_3
163.0,v_1,RSU_6
163.0,v_2,
164.0,v_0,RSU_3
164.0,v_1,RSU_6
164.0,v_2,
165.0,v_0,RSU_3
165.0,v_1,RSU_6
165.0,v_2,RSU_5
166.0,v_0,RSU_3
166.0,v_1,RSU_6
166.0,v_2,RSU_5
167.0,v_0,RSU_3
167.0,v_1,RSU_6
167.0,v_2,RSU_5
168.0,v_0,RSU_3
168.0,v_1,RSU_6
168.0,v_2,RSU_5
169.0,v_0,RSU_3
169.0,v_1,RSU_6
169.0,v_2,RSU_5
170.0,v_0,RSU_3
170.0,v_1,RSU_6
170.0,v_2,RSU_5
171.0,v_0,RSU_3
171.0,v_1,RSU_6
171.0,v_2,RSU_5
172.0,v_0,RSU_3
172.0,v_1,RSU_6
172.0,v_2,RSU_5
173.0,v_0,RSU_3
173.0,v_1,RSU_6
173.0,v_2,RSU_5
174.0,v_0,RSU_3
174.0,v_1,RSU_6
174.0,v_2,RSU_5
175.0,v_0,RSU_3
175.0,v_1,RSU_6
175.0,v_2,RSU_5
176.0,v_0,RSU_3
176.0,v_1,RSU_6
176.0,v_2,RSU_5
177.0,v_0,RSU_3
177.0,v_1,RSU_6
177.0,v_2,RSU_5
178.0,v_0,RSU_3
178.0,v_1,RSU_6
178.0,v_2,RSU_5
179.0,v_0,RSU_3
179.0,v_1,RSU_6
179.0,v_2,RSU_5
180.0,v_0,RSU_3
180.0,v_1,RSU_6
180.0,v_2,RSU_5
181.0,v_0,RSU_3
181.0,v_1,RSU_6
181.0,v_2,RSU_5
182.0,v_0,RSU_3
182.0,v_1,RSU_6
182.0,v_2,RSU_5
183.0,v_0,RSU_3
183.0,v_1,RSU_6
183.0,v_2,RSU_5
184.0,v_0,RSU_3
184.0,v_1,RSU_6
184.0,v_2,RSU_5
185.0,v_0,RSU_3
185.0,v_1,RSU_6
185.0,v_2,RSU_5
186.0,v_0,RSU_3
186.0,v_1,RSU_6
186.0,v_2,
187.0,v_0,RSU_3
187.0,v_1,RSU_6
187.0,v_2,
188.0,v_0,RSU_3
188.0,v_1,RSU_6
188.0,v_2,
189.0,v_0,RSU_3
189.0,v_1,RSU_6
189.0,v_2,
190.0,v_0,RSU_3
190.0,v_1,RSU_6
190.0,v_2,RSU_4
191.0,v_0,RSU_3
191.0,v_1,RSU_6
191.0,v_2,RSU_4
192.0,v_0,RSU_3
192.0,v_1,RSU_6
192.0,v_2,RSU_4
193.0,v_0,RSU_3
193.0,v_1,RSU_6
193.0,v_2,RSU_4
194.0,v_0,RSU_3
194.0,v_1,RSU_6
194.0,v_2,RSU_4
195.0,v_0,RSU_3
195.0,v_1,RSU_6
195.0,v_2,RSU_4
196.0,v_0,RSU_3
196.0,v_1,RSU_6
196.0,v_2,RSU_4
197.0,v_0,RSU_3
197.0,v_1,RSU_6
197.0,v_2,RSU_4
198.0,v_0,RSU_3
198.0,v_1,RSU_6
198.0,v_2,RSU_4
199.0,v_0,RSU_3
199.0,v_1,RSU_6
199.0,v_2,RSU_4
200.0,v_0,RSU_3
200.0,v_1,RSU_6
200.0,v_2,RSU_4
201.0,v_0,RSU_3
201.0,v_1,RSU_6
201.0,v_2,RSU_4
202.0,v_0,RSU_3
202.0,v_1,RSU_6
202.0,v_2,RSU_4
203.0,v_0,RSU_3
203.0,v_1,RSU_6
203.0,v_2,RSU_4
204.0,v_0,RSU_3
204.0,v_1,RSU_6
204.0,v_2,RSU_4
205.0,v_0,RSU_3
205.0,v_1,RSU_0
205.0,v_2,RSU_4
206.0,v_0,RSU_3
206.0,v_1,RSU_0
206.0,v_2,RSU_4
207.0,v_0,RSU_3
207.0,v_1,RSU_0
207.0,v_2,RSU_4
208.0,v_0,RSU_3
208.0,v_1,RSU_0
208.0,v_2,RSU_4
209.0,v_0,RSU_3
209.0,v_1,RSU_0
209.0,v_2,RSU_4
210.0,v_0,RSU_3
210.0,v_1,RSU_0
210.0,v_2,RSU_4
211.0,v_0,RSU_3
211.0,v_1,RSU_0
211.0,v_2,RSU_4
212.0,v_0,RSU_3
212.0,v_1,RSU_0
212.0,v_2,RSU_4
213.0,v_0,RSU_3
213.0,v_1,RSU_0
213.0,v_2,RSU_4
214.0,v_0,RSU_3
214.0,v_1,RSU_0
214.0,v_2,RSU_4
215.0,v_0,RSU_3
215.0,v_1,RSU_0
215.0,v_2,RSU_4
216.0,v_0,RSU_3
216.0,v_1,RSU_0
216.0,v_2,RSU_4
217.0,v_0,RSU_3
217.0,v_1,RSU_0
217.0,v_2,RSU_4
218.0,v_0,RSU_3
218.0,v_1,RSU_0
218.0,v_2,RSU_4
219.0,v_0,RSU_3
219.0,v_1,RSU_0
219.0,v_2,RSU_4
220.0,v_0,
220.0,v_1,RSU_0
220.0,v_2,RSU_4
221.0,v_0,
221.0,v_1,RSU_0
221.0,v_2,RSU_4
222.0,v_0,
222.0,v_1,RSU_0
222.0,v_2,RSU_4
223.0,v_0,
223.0,v_1,RSU_0
223.0,v_2,RSU_4
224.0,v_0,
224.0,v_1,RSU_0
224.0,v_2,RSU_4
225.0,v_0,
225.0,v_1,RSU_0
225.0,v_2,RSU_4
226.0,v_0,
226.0,v_1,RSU_0
226.0,v_2,RSU_4
227.0,v_0,
227.0,v_1,RSU_0
227.0,v_2,RSU_4
228.0,v_0,
228.0,v_1,RSU_0
228.0,v_2,RSU_4
229.0,v_0,
229.0,v_1,RSU_0
229.0,v_2,RSU_4
230.0,v_0,
230.0,v_1,RSU_0
230.0,v_2,RSU_4
231.0,v_0,RSU_2
231.0,v_1,RSU_0
231.0,v_2,RSU_4
232.0,v_0,RSU_2
232.0,v_1,RSU_0
232.0,v_2,RSU_4
233.0,v_0,RSU_2
233.0,v_1,RSU_0
233.0,v_2,RSU_4
234.0,v_0,RSU_2
234.0,v_1,RSU_0
234.0,v_2,RSU_4
235.0,v_0,RSU_2
235.0,v_1,RSU_0
235.0,v_2,RSU_4
236.0,v_0,RSU_2
236.0,v_1,RSU_0
236.0,v_2,RSU_4
237.0,v_0,RSU_2
237.0,v_1,RSU_0
237.0,v_2,RSU_4
238.0,v_0,RSU_2
238.0,v_1,RSU_0
238.0,v_2,RSU_4
239.0,v_0,RSU_2
239.0,v_1,RSU_0
239.0,v_2,RSU_4
240.0,v_0,RSU_2
240.0,v_1,RSU_0
240.0,v_2,RSU_4
241.0,v_0,RSU_2
241.0,v_1,RSU_0
241.0,v_2,RSU_4
242.0,v_0,RSU_2
242.0,v_1,RSU_0
242.0,v_2,RSU_4
243.0,v_0,RSU_2
243.0,v_1,RSU_0
243.0,v_2,RSU_4
244.0,v_0,RSU_2
244.0,v_1,RSU_0
244.0,v_2,RSU_4
245.0,v_0,RSU_2
245.0,v_1,RSU_0
245.0,v_2,RSU_4
246.0,v_0,RSU_2
246.0,v_1,RSU_0
246.0,v_2,RSU_4
247.0,v_0,RSU_2
247.0,v_1,RSU_0
247.0,v_2,RSU_4
248.0,v_0,RSU_2
248.0,v_1,RSU_0
248.0,v_2,RSU_4
249.0,v_0,RSU_2
249.0,v_1,RSU_0
249.0,v_2,RSU_4
250.0,v_0,RSU_2
250.0,v_1,RSU_0
250.0,v_2,RSU_4
251.0,v_0,RSU_2
251.0,v_1,RSU_0
251.0,v_2,
252.0,v_0,RSU_2
252.0,v_1,RSU_0
252.0,v_2,
253.0,v_0,RSU_2
253.0,v_1,RSU_0
253.0,v_2,
254.0,v_0,RSU_2
254.0,v_1,RSU_0
254.0,v_2,
255.0,v_0,RSU_2
255.0,v_1,RSU_0
255.0,v_2,
256.0,v_0,RSU_2
256.0,v_1,RSU_0
256.0,v_2,
257.0,v_0,RSU_2
257.0,v_1,RSU_0
257.0,v_2,
258.0,v_0,RSU_2
258.0,v_1,RSU_0
258.0,v_2,
259.0,v_0,RSU_2
259.0,v_1,RSU_0
259.0,v_2,
260.0,v_0,RSU_2
260.0,v_1,RSU_0
260.0,v_2,RSU_3
261.0,v_0,RSU_2
261.0,v_1,RSU_0
261.0,v_2,RSU_3
262.0,v_0,RSU_2
262.0,v_1,RSU_0
262.0,v_2,RSU_3
263.0,v_0,RSU_2
263.0,v_1,RSU_0
263.0,v_2,RSU_3
264.0,v_0,RSU_2
264.0,v_1,RSU_0
264.0,v_2,RSU_3
265.0,v_0,RSU_2
265.0,v_1,RSU_0
265.0,v_2,RSU_3
266.0,v_0,RSU_2
266.0,v_1,RSU_0
266.0,v_2,RSU_3
267.0,v_0,RSU_2
267.0,v_1,RSU_0
267.0,v_2,RSU_3
268.0,v_0,RSU_2
268.0,v_1,RSU_0
268.0,v_2,RSU_3
269.0,v_0,RSU_2
269.0,v_1,RSU_0
269.0,v_2,RSU_3
270.0,v_0,RSU_2
270.0,v_1,RSU_0
270.0,v_2,RSU_3
271.0,v_0,RSU_2
271.0,v_1,
271.0,v_2,RSU_3
272.0,v_0,RSU_2
272.0,v_1,
272.0,v_2,RSU_3
273.0,v_0,RSU_2
273.0,v_1,
273.0,v_2,RSU_3
274.0,v_0,RSU_2
274.0,v_1,
274.0,v_2,RSU_3
275.0,v_0,RSU_2
275.0,v_1,
275.0,v_2,RSU_3
276.0,v_0,RSU_2
276.0,v_1,
276.0,v_2,RSU_3
277.0,v_0,RSU_2
277.0,v_1,
277.0,v_2,RSU_3
278.0,v_0,RSU_2
278.0,v_1,
278.0,v_2,RSU_3
279.0,v_0,RSU_2
279.0,v_1,
279.0,v_2,RSU_3
280.0,v_0,RSU_2
280.0,v_1,
280.0,v_2,RSU_3
281.0,v_0,RSU_2
281.0,v_1,
281.0,v_2,RSU_3
282.0,v_0,RSU_2
282.0,v_1,
282.0,v_2,RSU_3
283.0,v_0,RSU_2
283.0,v_1,
283.0,v_2,RSU_3
284.0,v_0,RSU_2
284.0,v_1,
284.0,v_2,RSU_3
285.0,v_0,RSU_2
285.0,v_1,
285.0,v_2,RSU_3
286.0,v_0,RSU_2
286.0,v_1,
286.0,v_2,RSU_3
287.0,v_0,RSU_2
287.0,v_1,
287.0,v_2,RSU_3
288.0,v_0,RSU_2
288.0,v_1,
288.0,v_2,RSU_3
289.0,v_0,RSU_2
289.0,v_1,
289.0,v_2,RSU_3
290.0,v_0,RSU_2
290.0,v_1,
290.0,v_2,RSU_3
291.0,v_0,RSU_2
291.0,v_1,
291.0,v_2,RSU_3
292.0,v_0,RSU_2
292.0,v_1,
292.0,v_2,RSU_3
293.0,v_0,RSU_2
293.0,v_1,
293.0,v_2,RSU_3
294.0,v_0,RSU_2
294.0,v_1,
294.0,v_2,RSU_3
295.0,v_0,RSU_2
295.0,v_1,
295.0,v_2,RSU_3
296.0,v_0,RSU_2
296.0,v_1,
296.0,v_2,RSU_3
297.0,v_0,RSU_2
297.0,v_1,
297.0,v_2,RSU_3
298.0,v_0,RSU_2
298.0,v_1,
298.0,v_2,RSU_3
299.0,v_0,RSU_2
299.0,v_1,
299.0,v_2,RSU_3
300.0,v_0,RSU_2
300.0,v_1,RSU_7
300.0,v_2,RSU_3
301.0,v_0,RSU_2
301.0,v_1,RSU_7
301.0,v_2,RSU_3
302.0,v_0,RSU_2
302.0,v_1,RSU_7
302.0,v_2,RSU_3
303.0,v_0,RSU_2
303.0,v_1,RSU_7
303.0,v_2,RSU_3
304.0,v_0,RSU_2
304.0,v_1,RSU_7
304.0,v_2,RSU_3
305.0,v_0,RSU_2
305.0,v_1,RSU_7
305.0,v_2,RSU_3
306.0,v_0,RSU_2
306.0,v_1,RSU_7
306.0,v_2,RSU_3
307.0,v_0,RSU_2
307.0,v_1,RSU_7
307.0,v_2,RSU_3
308.0,v_0,RSU_2
308.0,v_1,RSU_7
308.0,v_2,RSU_3
309.0,v_0,RSU_2
309.0,v_1,RSU_7
309.0,v_2,RSU_3
310.0,v_0,RSU_2
310.0,v_1,RSU_7
310.0,v_2,RSU_3
311.0,v_0,RSU_2
311.0,v_1,RSU_7
311.0,v_2,RSU_3
312.0,v_0,RSU_2
312.0,v_1,RSU_7
312.0,v_2,RSU_3
313.0,v_0,RSU_2
313.0,v_1,RSU_7
313.0,v_2,RSU_3
314.0,v_0,RSU_2
314.0,v_1,RSU_7
314.0,v_2,RSU_3
315.0,v_0,RSU_2
315.0,v_1,RSU_7
315.0,v_2,RSU_3
316.0,v_0,RSU_2
316.0,v_1,RSU_7
316.0,v_2,RSU_3
317.0,v_0,RSU_2
317.0,v_1,RSU_7
317.0,v_2,RSU_3
318.0,v_0,RSU_2
318.0,v_1,RSU_7
318.0,v_2,RSU_3
319.0,v_0,RSU_2
319.0,v_1,RSU_7
319.0,v_2,RSU_3
320.0,v_0,RSU_2
320.0,v_1,RSU_7
320.0,v_2,RSU_3
321.0,v_0,RSU_2
321.0,v_1,RSU_7
321.0,v_2,RSU_3
322.0,v_0,RSU_2
322.0,v_1,RSU_7
322.0,v_2,RSU_3
323.0,v_0,RSU_2
323.0,v_1,RSU_7
323.0,v_2,RSU_3
324.0,v_0,RSU_2
324.0,v_1,RSU_7
324.0,v_2,RSU_3
325.0,v_0,RSU_2
325.0,v_1,RSU_7
325.0,v_2,RSU_3
326.0,v_0,RSU_2
326.0,v_1,RSU_7
326.0,v_2,RSU_3
327.0,v_0,RSU_2
327.0,v_1,RSU_7
327.0,v_2,RSU_3
328.0,v_0,RSU_2
328.0,v_1,RSU_7
328.0,v_2,RSU_3
329.0,v_0,RSU_2
329.0,v_1,RSU_7
329.0,v_2,RSU_3
330.0,v_0,RSU_2
330.0,v_1,RSU_7
330.0,v_2,RSU_3
331.0,v_0,RSU_2
331.0,v_1,RSU_7
331.0,v_2,RSU_3
332.0,v_0,RSU_2
332.0,v_1,RSU_7
332.0,v_2,RSU_3
333.0,v_0,RSU_2
333.0,v_1,RSU_7
333.0,v_2,RSU_3
334.0,v_0,RSU_2
334.0,v_1,RSU_7
334.0,v_2,RSU_3
335.0,v_0,RSU_2
335.0,v_1,RSU_7
335.0,v_2,RSU_3
336.0,v_0,RSU_2
336.0,v_1,RSU_7
336.0,v_2,RSU_3
337.0,v_0,
337.0,v_1,RSU_7
337.0,v_2,RSU_3
338.0,v_0,
338.0,v_1,RSU_7
338.0,v_2,RSU_3
339.0,v_0,
339.0,v_1,RSU_7
339.0,v_2,RSU_3
340.0,v_0,
340.0,v_1,RSU_7
340.0,v_2,RSU_3
341.0,v_0,
341.0,v_1,RSU_7
341.0,v_2,RSU_3
342.0,v_0,
342.0,v_1,RSU_7
342.0,v_2,RSU_3
343.0,v_0,
343.0,v_1,RSU_7
343.0,v_2,RSU_3
344.0,v_0,
344.0,v_1,RSU_7
344.0,v_2,RSU_3
345.0,v_0,
345.0,v_1,RSU_7
345.0,v_2,RSU_3
346.0,v_0,
346.0,v_1,RSU_7
346.0,v_2,RSU_3
347.0,v_0,
347.0,v_1,RSU_7
347.0,v_2,RSU_3
348.0,v_0,
348.0,v_1,
348.0,v_2,RSU_3
349.0,v_0,
349.0,v_1,
349.0,v_2,RSU_3
350.0,v_0,
350.0,v_1,
350.0,v_2,RSU_3
351.0,v_0,
351.0,v_1,
351.0,v_2,RSU_3
352.0,v_0,
352.0,v_1,
352.0,v_2,RSU_3
353.0,v_0,
353.0,v_1,
353.0,v_2,RSU_3
354.0,v_0,
354.0,v_1,
354.0,v_2,RSU_3
355.0,v_0,
355.0,v_1,
355.0,v_2,RSU_3
356.0,v_0,
356.0,v_1,
356.0,v_2,RSU_3
357.0,v_0,
357.0,v_1,
357.0,v_2,RSU_3
358.0,v_0,
358.0,v_1,
358.0,v_2,RSU_3
359.0,v_0,RSU_3
359.0,v_1,
359.0,v_2,RSU_3
360.0,v_0,RSU_3
360.0,v_1,
360.0,v_2,RSU_3
361.0,v_0,RSU_3
361.0,v_1,
361.0,v_2,RSU_3
362.0,v_0,RSU_3
362.0,v_1,
362.0,v_2,RSU_3
363.0,v_0,RSU_3
363.0,v_1,
363.0,v_2,RSU_3
364.0,v_0,RSU_3
364.0,v_1,
364.0,v_2,RSU_3
365.0,v_0,RSU_3
365.0,v_1,
365.0,v_2,RSU_3
366.0,v_0,RSU_3
366.0,v_1,RSU_1
366.0,v_2,RSU_3
367.0,v_0,RSU_3
367.0,v_1,RSU_1
367.0,v_2,RSU_3
368.0,v_0,RSU_3
368.0,v_1,RSU_1
368.0,v_2,RSU_3
369.0,v_0,RSU_3
369.0,v_1,RSU_1
369.0,v_2,RSU_3
370.0,v_0,RSU_3
370.0,v_1,RSU_1
370.0,v_2,RSU_3
371.0,v_0,RSU_3
371.0,v_1,RSU_1
371.0,v_2,RSU_3
372.0,v_0,RSU_3
372.0,v_1,RSU_1
372.0,v_2,RSU_3
373.0,v_0,RSU_3
373.0,v_1,RSU_1
373.0,v_2,RSU_3
374.0,v_0,RSU_3
374.0,v_1,RSU_1
374.0,v_2,RSU_3
375.0,v_0,RSU_3
375.0,v_1,RSU_1
375.0,v_2,RSU_3
376.0,v_0,RSU_3
376.0,v_1,RSU_1
376.0,v_2,RSU_3
377.0,v_0,RSU_3
377.0,v_1,RSU_1
377.0,v_2,RSU_3
378.0,v_0,RSU_3
378.0,v_1,RSU_1
378.0,v_2,RSU_3
379.0,v_0,RSU_3
379.0,v_1,RSU_1
379.0,v_2,RSU_3
380.0,v_0,RSU_3
380.0,v_1,RSU_1
380.0,v_2,RSU_2
381.0,v_0,RSU_3
381.0,v_1,RSU_1
381.0,v_2,RSU_2
382.0,v_0,RSU_3
382.0,v_1,RSU_1
382.0,v_2,RSU_2
383.0,v_0,RSU_3
383.0,v_1,RSU_1
383.0,v_2,RSU_3
384.0,v_0,RSU_3
384.0,v_1,RSU_1
384.0,v_2,
385.0,v_0,RSU_3
385.0,v_1,RSU_1
385.0,v_2,
386.0,v_0,RSU_3
386.0,v_1,RSU_1
386.0,v_2,
387.0,v_0,RSU_3
387.0,v_1,RSU_1
387.0,v_2,
388.0,v_0,RSU_3
388.0,v_1,RSU_1
388.0,v_2,
389.0,v_0,RSU_3
389.0,v_1,RSU_1
389.0,v_2,
390.0,v_0,RSU_3
390.0,v_1,RSU_1
390.0,v_2,
391.0,v_0,RSU_3
391.0,v_1,RSU_1
391.0,v_2,
392.0,v_0,RSU_3
392.0,v_1,RSU_1
392.0,v_2,
393.0,v_0,RSU_3
393.0,v_1,RSU_1
393.0,v_2,
394.0,v_0,RSU_3
394.0,v_1,RSU_1
394.0,v_2,
395.0,v_0,RSU_3
395.0,v_1,RSU_1
395.0,v_2,
396.0,v_0,RSU_3
396.0,v_1,RSU_1
396.0,v_2,
397.0,v_0,RSU_3
397.0,v_1,RSU_1
397.0,v_2,
398.0,v_0,RSU_3
398.0,v_1,RSU_1
398.0,v_2,
399.0,v_0,RSU_3
399.0,v_1,RSU_1
399.0,v_2,
400.0,v_0,RSU_3
400.0,v_1,RSU_1
400.0,v_2,
401.0,v_0,RSU_3
401.0,v_1,RSU_1
401.0,v_2,
402.0,v_0,RSU_3
402.0,v_1,RSU_1
402.0,v_2,
403.0,v_0,RSU_3
403.0,v_1,RSU_1
403.0,v_2,
404.0,v_0,RSU_3
404.0,v_1,RSU_1
404.0,v_2,
405.0,v_0,RSU_3
405.0,v_1,RSU_1
405.0,v_2,
406.0,v_0,RSU_3
406.0,v_1,RSU_1
406.0,v_2,
407.0,v_0,RSU_3
407.0,v_1,RSU_1
407.0,v_2,
408.0,v_0,RSU_3
408.0,v_1,RSU_1
408.0,v_2,
409.0,v_0,RSU_3
409.0,v_1,RSU_1
409.0,v_2,
410.0,v_0,RSU_3
410.0,v_1,RSU_1
410.0,v_2,RSU_1
411.0,v_0,RSU_3
411.0,v_1,RSU_1
411.0,v_2,RSU_1
412.0,v_0,RSU_3
412.0,v_1,RSU_1
412.0,v_2,RSU_1
413.0,v_0,RSU_3
413.0,v_1,RSU_1
413.0,v_2,RSU_1
414.0,v_0,RSU_3
414.0,v_1,RSU_1
414.0,v_2,RSU_1
415.0,v_0,RSU_3
415.0,v_1,
415.0,v_2,RSU_1
416.0,v_0,RSU_3
416.0,v_1,
416.0,v_2,RSU_1
417.0,v_0,RSU_3
417.0,v_1,
417.0,v_2,RSU_1
418.0,v_0,RSU_3
418.0,v_1,
418.0,v_2,RSU_1
419.0,v_0,RSU_3
419.0,v_1,
419.0,v_2,RSU_1
420.0,v_0,RSU_3
420.0,v_1,
420.0,v_2,RSU_1
421.0,v_0,RSU_3
421.0,v_1,
421.0,v_2,RSU_1
422.0,v_0,RSU_3
422.0,v_1,
422.0,v_2,RSU_1
423.0,v_0,RSU_3
423.0,v_1,
423.0,v_2,RSU_1
424.0,v_0,RSU_3
424.0,v_1,
424.0,v_2,RSU_1
425.0,v_0,RSU_3
425.0,v_1,
425.0,v_2,RSU_1
426.0,v_0,RSU_3
426.0,v_1,
426.0,v_2,RSU_1
427.0,v_0,RSU_3
427.0,v_1,
427.0,v_2,RSU_1
428.0,v_0,RSU_3
428.0,v_1,
428.0,v_2,RSU_1
429.0,v_0,RSU_3
429.0,v_1,
429.0,v_2,RSU_1
430.0,v_0,RSU_3
430.0,v_1,
430.0,v_2,RSU_1
431.0,v_0,RSU_3
431.0,v_1,
431.0,v_2,RSU_1
432.0,v_0,RSU_3
432.0,v_1,
432.0,v_2,RSU_1
433.0,v_0,RSU_3
433.0,v_1,
433.0,v_2,RSU_1
434.0,v_0,RSU_3
434.0,v_1,
434.0,v_2,RSU_1
435.0,v_0,RSU_3
435.0,v_1,
435.0,v_2,RSU_1
436.0,v_0,RSU_3
436.0,v_1,
436.0,v_2,RSU_1
437.0,v_0,RSU_3
437.0,v_1,
437.0,v_2,RSU_1
438.0,v_0,RSU_3
438.0,v_1,
438.0,v_2,RSU_1
439.0,v_0,RSU_3
439.0,v_1,
439.0,v_2,RSU_1
440.0,v_0,RSU_3
440.0,v_1,RSU_3
440.0,v_2,RSU_1
441.0,v_0,
441.0,v_1,RSU_2
441.0,v_2,RSU_1
442.0,v_0,
442.0,v_1,RSU_2
442.0,v_2,RSU_1
443.0,v_0,
443.0,v_1,RSU_2
443.0,v_2,RSU_1
444.0,v_0,
444.0,v_1,RSU_2
444.0,v_2,RSU_1
445.0,v_0,
445.0,v_1,RSU_3
445.0,v_2,RSU_1
446.0,v_0,
446.0,v_1,RSU_3
446.0,v_2,RSU_1
447.0,v_0,
447.0,v_1,RSU_3
447.0,v_2,RSU_1
448.0,v_0,
448.0,v_1,RSU_3
448.0,v_2,RSU_1
449.0,v_0,
449.0,v_1,RSU_3
449.0,v_2,RSU_1
450.0,v_0,
450.0,v_1,RSU_3
450.0,v_2,RSU_1
451.0,v_0,RSU_4
451.0,v_1,RSU_3
451.0,v_2,RSU_1
452.0,v_0,RSU_4
452.0,v_1,RSU_3
452.0,v_2,RSU_1
453.0,v_0,RSU_4
453.0,v_1,RSU_3
453.0,v_2,RSU_1
454.0,v_0,RSU_4
454.0,v_1,RSU_3
454.0,v_2,RSU_1
455.0,v_0,RSU_4
455.0,v_1,RSU_3
455.0,v_2,RSU_1
456.0,v_0,RSU_4
456.0,v_1,RSU_3
456.0,v_2,RSU_1
457.0,v_0,RSU_4
457.0,v_1,RSU_3
457.0,v_2,RSU_1
458.0,v_0,RSU_4
458.0,v_1,RSU_3
458.0,v_2,RSU_1
459.0,v_0,RSU_4
459.0,v_1,RSU_3
459.0,v_2,RSU_1
460.0,v_0,RSU_4
460.0,v_1,RSU_3
460.0,v_2,RSU_1
461.0,v_0,RSU_4
461.0,v_1,RSU_3
461.0,v_2,RSU_1
462.0,v_0,RSU_4
462.0,v_1,RSU_3
462.0,v_2,RSU_1
463.0,v_0,RSU_4
463.0,v_1,RSU_3
463.0,v_2,RSU_1
464.0,v_0,RSU_4
464.0,v_1,RSU_3
464.0,v_2,RSU_1
465.0,v_0,RSU_4
465.0,v_1,RSU_3
465.0,v_2,RSU_1
466.0,v_0,RSU_4
466.0,v_1,RSU_3
466.0,v_2,RSU_1
467.0,v_0,RSU_4
467.0,v_1,RSU_3
467.0,v_2,RSU_1
468.0,v_0,RSU_4
468.0,v_1,RSU_3
468.0,v_2,RSU_1
469.0,v_0,RSU_4
469.0,v_1,RSU_3
469.0,v_2,RSU_1
470.0,v_0,RSU_4
470.0,v_1,RSU_3
470.0,v_2,RSU_1
471.0,v_0,RSU_4
471.0,v_1,RSU_3
471.0,v_2,RSU_1
472.0,v_0,RSU_4
472.0,v_1,RSU_3
472.0,v_2,RSU_1
473.0,v_0,RSU_4
473.0,v_1,RSU_3
473.0,v_2,RSU_1
474.0,v_0,RSU_4
474.0,v_1,RSU_3
474.0,v_2,RSU_1
475.0,v_0,RSU_4
475.0,v_1,RSU_3
475.0,v_2,RSU_1
476.0,v_0,RSU_4
476.0,v_1,RSU_3
476.0,v_2,RSU_1
477.0,v_0,RSU_4
477.0,v_1,RSU_3
477.0,v_2,RSU_1
478.0,v_0,RSU_4
478.0,v_1,RSU_3
478.0,v_2,RSU_1
479.0,v_0,RSU_4
479.0,v_1,RSU_3
479.0,v_2,RSU_1
480.0,v_0,RSU_4
480.0,v_1,RSU_3
480.0,v_2,RSU_1
481.0,v_0,RSU_4
481.0,v_1,RSU_3
481.0,v_2,RSU_1
482.0,v_0,RSU_4
482.0,v_1,RSU_3
482.0,v_2,RSU_1
483.0,v_0,RSU_4
483.0,v_1,RSU_3
483.0,v_2,RSU_1
484.0,v_0,RSU_4
484.0,v_1,RSU_3
484.0,v_2,RSU_1
485.0,v_0,RSU_4
485.0,v_1,RSU_3
485.0,v_2,RSU_1
486.0,v_0,RSU_4
486.0,v_1,RSU_3
486.0,v_2,RSU_1
487.0,v_0,RSU_4
487.0,v_1,
487.0,v_2,RSU_1
488.0,v_0,RSU_4
488.0,v_1,
488.0,v_2,RSU_1
489.0,v_0,RSU_4
489.0,v_1,
489.0,v_2,RSU_1
490.0,v_0,RSU_4
490.0,v_1,
490.0,v_2,RSU_1
491.0,v_0,RSU_4
491.0,v_1,
491.0,v_2,RSU_1
492.0,v_0,RSU_4
492.0,v_1,
492.0,v_2,RSU_1
493.0,v_0,RSU_4
493.0,v_1,
493.0,v_2,RSU_1
494.0,v_0,RSU_4
494.0,v_1,
494.0,v_2,
495.0,v_0,RSU_4
495.0,v_1,
495.0,v_2,
496.0,v_0,RSU_4
496.0,v_1,
496.0,v_2,
497.0,v_0,RSU_4
497.0,v_1,
497.0,v_2,
498.0,v_0,RSU_4
498.0,v_1,
498.0,v_2,
499.0,v_0,RSU_4
499.0,v_1,
499.0,v_2,
500.0,v_0,RSU_4
500.0,v_1,
500.0,v_2,
501.0,v_0,RSU_4
501.0,v_1,
501.0,v_2,
502.0,v_0,RSU_4
502.0,v_1,
502.0,v_2,
503.0,v_0,RSU_4
503.0,v_1,
503.0,v_2,
504.0,v_0,RSU_4
504.0,v_1,
504.0,v_2,RSU_5
505.0,v_0,RSU_4
505.0,v_1,
505.0,v_2,RSU_5
506.0,v_0,RSU_4
506.0,v_1,
506.0,v_2,RSU_5
507.0,v_0,RSU_4
507.0,v_1,RSU_2
507.0,v_2,RSU_5
508.0,v_0,RSU_4
508.0,v_1,RSU_2
508.0,v_2,RSU_5
509.0,v_0,RSU_4
509.0,v_1,RSU_2
509.0,v_2,RSU_5
510.0,v_0,RSU_4
510.0,v_1,RSU_2
510.0,v_2,RSU_5
511.0,v_0,RSU_4
511.0,v_1,RSU_2
511.0,v_2,RSU_5
512.0,v_0,RSU_4
512.0,v_1,RSU_2
512.0,v_2,RSU_5
513.0,v_0,RSU_4
513.0,v_1,RSU_2
513.0,v_2,RSU_5
514.0,v_0,RSU_4
514.0,v_1,RSU_2
514.0,v_2,RSU_5
515.0,v_0,RSU_4
515.0,v_1,RSU_2
515.0,v_2,RSU_5
516.0,v_0,RSU_4
516.0,v_1,RSU_2
516.0,v_2,RSU_5
517.0,v_0,
517.0,v_1,RSU_2
517.0,v_2,RSU_5
518.0,v_0,
518.0,v_1,RSU_2
518.0,v_2,RSU_5
519.0,v_0,
519.0,v_1,RSU_2
519.0,v_2,RSU_5
520.0,v_0,RSU_3
520.0,v_1,RSU_2
520.0,v_2,RSU_5
521.0,v_0,RSU_3
521.0,v_1,RSU_2
521.0,v_2,RSU_5
522.0,v_0,RSU_3
522.0,v_1,RSU_2
522.0,v_2,RSU_5
523.0,v_0,RSU_3
523.0,v_1,RSU_2
523.0,v_2,RSU_5
524.0,v_0,RSU_3
524.0,v_1,RSU_2
524.0,v_2,
525.0,v_0,RSU_3
525.0,v_1,RSU_2
525.0,v_2,
526.0,v_0,RSU_3
526.0,v_1,RSU_2
526.0,v_2,
527.0,v_0,RSU_3
527.0,v_1,RSU_2
527.0,v_2,
528.0,v_0,RSU_3
528.0,v_1,RSU_2
528.0,v_2,RSU_4
529.0,v_0,RSU_3
529.0,v_1,RSU_2
529.0,v_2,RSU_4
530.0,v_0,RSU_3
530.0,v_1,RSU_2
530.0,v_2,RSU_4
531.0,v_0,RSU_3
531.0,v_1,RSU_2
531.0,v_2,RSU_4
532.0,v_0,RSU_3
532.0,v_1,RSU_2
532.0,v_2,RSU_4
533.0,v_0,RSU_3
533.0,v_1,RSU_2
533.0,v_2,RSU_4
534.0,v_0,RSU_3
534.0,v_1,RSU_2
534.0,v_2,RSU_4
535.0,v_0,RSU_3
535.0,v_1,RSU_2
535.0,v_2,RSU_4
536.0,v_0,RSU_3
536.0,v_1,RSU_2
536.0,v_2,RSU_4
537.0,v_0,RSU_3
537.0,v_1,RSU_2
537.0,v_2,RSU_4
538.0,v_0,RSU_3
538.0,v_1,RSU_2
538.0,v_2,RSU_4
539.0,v_0,RSU_3
539.0,v_1,RSU_2
539.0,v_2,RSU_4
540.0,v_0,RSU_3
540.0,v_1,RSU_2
540.0,v_2,RSU_4
541.0,v_0,RSU_3
541.0,v_1,RSU_2
541.0,v_2,RSU_4
542.0,v_0,RSU_3
542.0,v_1,RSU_2
542.0,v_2,RSU_4
543.0,v_0,RSU_3
543.0,v_1,RSU_2
543.0,v_2,RSU_4
544.0,v_0,RSU_3
544.0,v_1,RSU_2
544.0,v_2,RSU_4
545.0,v_0,RSU_3
545.0,v_1,RSU_2
545.0,v_2,RSU_4
546.0,v_0,RSU_3
546.0,v_1,RSU_2
546.0,v_2,RSU_4
547.0,v_0,RSU_3
547.0,v_1,RSU_2
547.0,v_2,RSU_4
548.0,v_0,RSU_3
548.0,v_1,RSU_2
548.0,v_2,RSU_4
549.0,v_0,RSU_3
549.0,v_1,RSU_2
549.0,v_2,RSU_4
550.0,v_0,RSU_3
550.0,v_1,RSU_2
550.0,v_2,RSU_4
551.0,v_0,RSU_3
551.0,v_1,RSU_2
551.0,v_2,RSU_4
552.0,v_0,RSU_3
552.0,v_1,RSU_2
552.0,v_2,RSU_4
553.0,v_0,RSU_3
553.0,v_1,RSU_2
553.0,v_2,RSU_4
554.0,v_0,RSU_3
554.0,v_1,RSU_2
554.0,v_2,RSU_4
555.0,v_0,RSU_3
555.0,v_1,RSU_2
555.0,v_2,RSU_4
556.0,v_0,RSU_3
556.0,v_1,RSU_2
556.0,v_2,RSU_4
557.0,v_0,RSU_3
557.0,v_1,RSU_2
557.0,v_2,RSU_4
558.0,v_0,RSU_3
558.0,v_1,RSU_2
558.0,v_2,RSU_4
559.0,v_0,RSU_3
559.0,v_1,RSU_2
559.0,v_2,RSU_4
560.0,v_0,RSU_3
560.0,v_1,RSU_2
560.0,v_2,RSU_4
561.0,v_0,RSU_3
561.0,v_1,RSU_2
561.0,v_2,RSU_4
562.0,v_0,RSU_3
562.0,v_1,RSU_2
562.0,v_2,RSU_4
563.0,v_0,RSU_3
563.0,v_1,RSU_2
563.0,v_2,RSU_4
564.0,v_0,RSU_3
564.0,v_1,RSU_2
564.0,v_2,RSU_4
565.0,v_0,RSU_3
565.0,v_1,RSU_2
565.0,v_2,RSU_4
566.0,v_0,RSU_3
566.0,v_1,RSU_2
566.0,v_2,RSU_4
567.0,v_0,RSU_3
567.0,v_1,RSU_2
567.0,v_2,RSU_4
568.0,v_0,RSU_3
568.0,v_1,RSU_2
568.0,v_2,RSU_4
569.0,v_0,RSU_3
569.0,v_1,RSU_2
569.0,v_2,RSU_4
570.0,v_0,RSU_3
570.0,v_1,RSU_2
570.0,v_2,RSU_4
571.0,v_0,RSU_3
571.0,v_1,RSU_2
571.0,v_2,RSU_4
572.0,v_0,RSU_3
572.0,v_1,RSU_2
572.0,v_2,RSU_4
573.0,v_0,RSU_3
573.0,v_1,
573.0,v_2,RSU_4
574.0,v_0,RSU_3
574.0,v_1,
574.0,v_2,RSU_4
575.0,v_0,RSU_3
575.0,v_1,
575.0,v_2,RSU_4
576.0,v_0,RSU_3
576.0,v_1,RSU_6
576.0,v_2,RSU_4
577.0,v_0,RSU_3
577.0,v_1,RSU_6
577.0,v_2,RSU_4
578.0,v_0,RSU_3
578.0,v_1,RSU_6
578.0,v_2,RSU_4
579.0,v_0,
579.0,v_1,RSU_6
579.0,v_2,RSU_4
580.0,v_0,
580.0,v_1,RSU_6
580.0,v_2,RSU_4
581.0,v_0,
581.0,v_1,RSU_6
581.0,v_2,RSU_4
582.0,v_0,
582.0,v_1,RSU_6
582.0,v_2,RSU_4
583.0,v_0,
583.0,v_1,RSU_6
583.0,v_2,RSU_4
584.0,v_0,
584.0,v_1,RSU_6
584.0,v_2,RSU_4
585.0,v_0,
585.0,v_1,RSU_6
585.0,v_2,RSU_4
586.0,v_0,
586.0,v_1,RSU_6
586.0,v_2,RSU_4
587.0,v_0,
587.0,v_1,RSU_6
587.0,v_2,RSU_4
588.0,v_0,
588.0,v_1,RSU_6
588.0,v_2,RSU_4
589.0,v_0,
589.0,v_1,RSU_6
589.0,v_2,
590.0,v_0,RSU_2
590.0,v_1,RSU_6
590.0,v_2,
591.0,v_0,RSU_2
591.0,v_1,RSU_6
591.0,v_2,
592.0,v_0,RSU_2
592.0,v_1,RSU_6
592.0,v_2,
593.0,v_0,RSU_2
593.0,v_1,RSU_6
593.0,v_2,
594.0,v_0,RSU_2
594.0,v_1,RSU_6
594.0,v_2,
595.0,v_0,RSU_2
595.0,v_1,RSU_6
595.0,v_2,
596.0,v_0,RSU_2
596.0,v_1,RSU_6
596.0,v_2,
597.0,v_0,RSU_2
597.0,v_1,RSU_6
597.0,v_2,
598.0,v_0,RSU_2
598.0,v_1,RSU_6
598.0,v_2,RSU_3
599.0,v_0,RSU_2
599.0,v_1,RSU_6
599.0,v_2,RSU_3
600.0,v_0,RSU_2
600.0,v_1,RSU_6
600.0,v_2,RSU_3
601.0,v_0,RSU_2
601.0,v_1,RSU_6
601.0,v_2,RSU_3
602.0,v_0,RSU_2
602.0,v_1,RSU_6
602.0,v_2,RSU_3
603.0,v_0,RSU_2
603.0,v_1,RSU_6
603.0,v_2,RSU_3
604.0,v_0,RSU_2
604.0,v_1,RSU_6
604.0,v_2,RSU_3
605.0,v_0,RSU_2
605.0,v_1,RSU_6
605.0,v_2,RSU_3
606.0,v_0,RSU_2
606.0,v_1,RSU_6
606.0,v_2,RSU_3
607.0,v_0,RSU_2
607.0,v_1,RSU_6
607.0,v_2,RSU_3
608.0,v_0,RSU_2
608.0,v_1,RSU_6
608.0,v_2,RSU_3
609.0,v_0,RSU_2
609.0,v_1,RSU_6
609.0,v_2,RSU_3
610.0,v_0,RSU_2
610.0,v_1,RSU_6
610.0,v_2,RSU_3
611.0,v_0,RSU_2
611.0,v_1,RSU_6
611.0,v_2,RSU_3
612.0,v_0,RSU_2
612.0,v_1,RSU_6
612.0,v_2,RSU_3
613.0,v_0,RSU_2
613.0,v_1,RSU_6
613.0,v_2,RSU_3
614.0,v_0,RSU_2
614.0,v_1,RSU_6
614.0,v_2,RSU_3
615.0,v_0,RSU_2
615.0,v_1,RSU_6
615.0,v_2,RSU_3
616.0,v_0,RSU_2
616.0,v_1,RSU_6
616.0,v_2,RSU_3
617.0,v_0,RSU_2
617.0,v_1,RSU_6
617.0,v_2,RSU_3
618.0,v_0,RSU_2
618.0,v_1,RSU_6
618.0,v_2,RSU_3
619.0,v_0,RSU_2
619.0,v_1,RSU_6
619.0,v_2,RSU_3
620.0,v_0,RSU_2
620.0,v_1,RSU_6
620.0,v_2,RSU_3
621.0,v_0,RSU_2
621.0,v_1,RSU_6
621.0,v_2,RSU_3
622.0,v_0,RSU_2
622.0,v_1,RSU_6
622.0,v_2,RSU_3
623.0,v_0,RSU_2
623.0,v_1,RSU_6
623.0,v_2,RSU_3
624.0,v_0,RSU_2
624.0,v_1,RSU_6
624.0,v_2,RSU_3
625.0,v_0,RSU_2
625.0,v_1,RSU_6
625.0,v_2,RSU_3
626.0,v_0,RSU_2
626.0,v_1,RSU_6
626.0,v_2,RSU_3
627.0,v_0,RSU_2
627.0,v_1,RSU_6
627.0,v_2,RSU_3
628.0,v_0,RSU_2
628.0,v_1,RSU_6
628.0,v_2,RSU_3
629.0,v_0,RSU_2
629.0,v_1,RSU_6
629.0,v_2,RSU_3
630.0,v_0,RSU_2
630.0,v_1,RSU_6
630.0,v_2,RSU_3
631.0,v_0,RSU_2
631.0,v_1,RSU_6
631.0,v_2,RSU_3
632.0,v_0,RSU_2
632.0,v_1,RSU_6
632.0,v_2,RSU_3
633.0,v_0,RSU_2
633.0,v_1,RSU_6
633.0,v_2,RSU_3
634.0,v_0,RSU_2
634.0,v_1,RSU_6
634.0,v_2,RSU_3
635.0,v_0,RSU_2
635.0,v_1,RSU_6
635.0,v_2,RSU_3
636.0,v_0,RSU_2
636.0,v_1,RSU_6
636.0,v_2,RSU_3
637.0,v_0,RSU_2
637.0,v_1,RSU_6
637.0,v_2,RSU_3
638.0,v_0,RSU_2
638.0,v_1,RSU_0
638.0,v_2,RSU_3
639.0,v_0,RSU_2
639.0,v_1,RSU_0
639.0,v_2,RSU_3
640.0,v_0,RSU_2
640.0,v_1,RSU_0
640.0,v_2,RSU_3
641.0,v_0,RSU_2
641.0,v_1,RSU_0
641.0,v_2,RSU_3
642.0,v_0,RSU_2
642.0,v_1,RSU_0
642.0,v_2,RSU_3
643.0,v_0,RSU_2
643.0,v_1,RSU_0
643.0,v_2,RSU_3
644.0,v_0,RSU_2
644.0,v_1,RSU_0
644.0,v_2,RSU_3
645.0,v_0,RSU_2
645.0,v_1,RSU_0
645.0,v_2,RSU_3
646.0,v_0,RSU_2
646.0,v_1,RSU_0
646.0,v_2,RSU_3
647.0,v_0,RSU_2
647.0,v_1,RSU_0
647.0,v_2,RSU_3
648.0,v_0,RSU_2
648.0,v_1,RSU_0
648.0,v_2,RSU_3
649.0,v_0,RSU_2
649.0,v_1,RSU_0
649.0,v_2,RSU_3
650.0,v_0,RSU_2
650.0,v_1,RSU_0
650.0,v_2,RSU_3
651.0,v_0,RSU_2
651.0,v_1,RSU_0
651.0,v_2,RSU_3
652.0,v_0,RSU_2
652.0,v_1,RSU_0
652.0,v_2,RSU_3
653.0,v_0,RSU_2
653.0,v_1,RSU_0
653.0,v_2,RSU_3
654.0,v_0,RSU_2
654.0,v_1,RSU_0
654.0,v_2,RSU_3
655.0,v_0,RSU_2
655.0,v_1,RSU_0
655.0,v_2,RSU_3
656.0,v_0,RSU_2
656.0,v_1,RSU_0
656.0,v_2,RSU_3
657.0,v_0,RSU_2
657.0,v_1,RSU_0
657.0,v_2,RSU_3
658.0,v_0,RSU_2
658.0,v_1,RSU_0
658.0,v_2,RSU_3
659.0,v_0,RSU_2
659.0,v_1,RSU_0
659.0,v_2,RSU_3
660.0,v_0,RSU_2
660.0,v_1,RSU_0
660.0,v_2,RSU_3
661.0,v_0,RSU_2
661.0,v_1,RSU_0
661.0,v_2,RSU_3
662.0,v_0,RSU_2
662.0,v_1,RSU_0
662.0,v_2,RSU_3
663.0,v_0,RSU_2
663.0,v_1,RSU_0
663.0,v_2,RSU_3
664.0,v_0,RSU_2
664.0,v_1,RSU_0
664.0,v_2,RSU_3
